real,imag
0.0,1.0
0.5,0.86602540
0.86602540,0.5
1.4,0.0
0.86602540,-0.5
0.5,-0.86602540
0.0,-1.0
-0.5,-0.86602540
-0.86602540,-0.5
-1.4,0.0
-0.86602540,0.5
-0.5,0.86602540
