real,imag
0.0,1.5
0.5,1.29903811
0.86602540,0.75
2.5,0.0
0.86602540,-0.75
0.5,-1.29903811
0.0,-1.5
-0.5,-1.29903811
-0.86602540,-0.75
-2.5,0.0
-0.86602540,0.75
-0.5,1.29903811
