real,imag
3.0,0.0
0.649519,-0.75
0.375,-1.299038
0.0,-1.5
-0.375,-1.299038
-0.649519,-0.75
-3.0,0.0
-0.649519,0.75
-0.375,1.299038
0.0,1.5
0.375,1.299038
0.649519,0.75
