real,imag
0,0
-0.00013564,0
0,0
0.00519748,0
0,0
-0.04594758,0
0,0
0.29088666,0
0.5,0
0.29088666,0
0,0
-0.04594758,0
0,0
0.00519748,0
0,0
-0.00013564,0
0,0
